feature,most_correlated_feature,spearman_rho,pairwise_observed_n
measurement_511,measurement_239,0.6982055440921474,1251
measurement_131,measurement_123,-0.816121118668557,1245
measurement_104,measurement_511,0.6348885287241068,1251
measurement_126,measurement_123,0.6464045377916976,1245
measurement_472,measurement_200,0.9873573442286889,1249
measurement_034,measurement_038,0.40109835753841433,1253
measurement_548,measurement_550,0.3860032573808953,1042
measurement_417,measurement_144,0.9983427400243541,1245
measurement_082,measurement_158,-0.25666360096315244,110
measurement_133,measurement_123,-0.46207619522342197,1245
measurement_127,measurement_129,0.7039683353873314,1245
measurement_200,measurement_472,0.9873573442286889,1249
measurement_003,measurement_008,-0.4645862039463472,1239
measurement_564,measurement_566,0.5635981996218158,1033
measurement_341,measurement_205,0.9782372507319715,1249
measurement_540,measurement_268,0.9983666313554715,1246
measurement_296,measurement_161,0.9928671752377418,1251
measurement_418,measurement_145,0.9889847723239635,1251
measurement_456,measurement_184,0.9974641193874069,1252
measurement_204,measurement_476,0.9961912557064738,1249
